--
-- PostgreSQL database dump
--

-- Dumped from database version 17.4
-- Dumped by pg_dump version 17.4

-- Started on 2025-08-15 23:38:11

SET statement_timeout = 0;
SET lock_timeout = 0;
SET idle_in_transaction_session_timeout = 0;
SET transaction_timeout = 0;
SET client_encoding = 'UTF8';
SET standard_conforming_strings = on;
SELECT pg_catalog.set_config('search_path', '', false);
SET check_function_bodies = false;
SET xmloption = content;
SET client_min_messages = warning;
SET row_security = off;

SET default_tablespace = '';

SET default_table_access_method = heap;

--
-- TOC entry 224 (class 1259 OID 25006)
-- Name: auth_group; Type: TABLE; Schema: public; Owner: postgres
--

CREATE TABLE public.auth_group (
    id integer NOT NULL,
    name character varying(150) NOT NULL
);


ALTER TABLE public.auth_group OWNER TO postgres;

--
-- TOC entry 223 (class 1259 OID 25005)
-- Name: auth_group_id_seq; Type: SEQUENCE; Schema: public; Owner: postgres
--

ALTER TABLE public.auth_group ALTER COLUMN id ADD GENERATED BY DEFAULT AS IDENTITY (
    SEQUENCE NAME public.auth_group_id_seq
    START WITH 1
    INCREMENT BY 1
    NO MINVALUE
    NO MAXVALUE
    CACHE 1
);


--
-- TOC entry 226 (class 1259 OID 25014)
-- Name: auth_group_permissions; Type: TABLE; Schema: public; Owner: postgres
--

CREATE TABLE public.auth_group_permissions (
    id bigint NOT NULL,
    group_id integer NOT NULL,
    permission_id integer NOT NULL
);


ALTER TABLE public.auth_group_permissions OWNER TO postgres;

--
-- TOC entry 225 (class 1259 OID 25013)
-- Name: auth_group_permissions_id_seq; Type: SEQUENCE; Schema: public; Owner: postgres
--

ALTER TABLE public.auth_group_permissions ALTER COLUMN id ADD GENERATED BY DEFAULT AS IDENTITY (
    SEQUENCE NAME public.auth_group_permissions_id_seq
    START WITH 1
    INCREMENT BY 1
    NO MINVALUE
    NO MAXVALUE
    CACHE 1
);


--
-- TOC entry 222 (class 1259 OID 25000)
-- Name: auth_permission; Type: TABLE; Schema: public; Owner: postgres
--

CREATE TABLE public.auth_permission (
    id integer NOT NULL,
    name character varying(255) NOT NULL,
    content_type_id integer NOT NULL,
    codename character varying(100) NOT NULL
);


ALTER TABLE public.auth_permission OWNER TO postgres;

--
-- TOC entry 221 (class 1259 OID 24999)
-- Name: auth_permission_id_seq; Type: SEQUENCE; Schema: public; Owner: postgres
--

ALTER TABLE public.auth_permission ALTER COLUMN id ADD GENERATED BY DEFAULT AS IDENTITY (
    SEQUENCE NAME public.auth_permission_id_seq
    START WITH 1
    INCREMENT BY 1
    NO MINVALUE
    NO MAXVALUE
    CACHE 1
);


--
-- TOC entry 236 (class 1259 OID 25118)
-- Name: bookings_accommodation; Type: TABLE; Schema: public; Owner: postgres
--

CREATE TABLE public.bookings_accommodation (
    id bigint NOT NULL,
    name character varying(100) NOT NULL,
    description text NOT NULL,
    price_per_night numeric(8,2) NOT NULL,
    image_landscape character varying(100),
    image_portrait character varying(100)
);


ALTER TABLE public.bookings_accommodation OWNER TO postgres;

--
-- TOC entry 235 (class 1259 OID 25117)
-- Name: bookings_accommodation_id_seq; Type: SEQUENCE; Schema: public; Owner: postgres
--

ALTER TABLE public.bookings_accommodation ALTER COLUMN id ADD GENERATED BY DEFAULT AS IDENTITY (
    SEQUENCE NAME public.bookings_accommodation_id_seq
    START WITH 1
    INCREMENT BY 1
    NO MINVALUE
    NO MAXVALUE
    CACHE 1
);


--
-- TOC entry 238 (class 1259 OID 25126)
-- Name: bookings_booking; Type: TABLE; Schema: public; Owner: postgres
--

CREATE TABLE public.bookings_booking (
    id bigint NOT NULL,
    check_in date NOT NULL,
    check_out date NOT NULL,
    created_at timestamp with time zone NOT NULL,
    accommodation_id bigint NOT NULL,
    user_id bigint NOT NULL
);


ALTER TABLE public.bookings_booking OWNER TO postgres;

--
-- TOC entry 237 (class 1259 OID 25125)
-- Name: bookings_booking_id_seq; Type: SEQUENCE; Schema: public; Owner: postgres
--

ALTER TABLE public.bookings_booking ALTER COLUMN id ADD GENERATED BY DEFAULT AS IDENTITY (
    SEQUENCE NAME public.bookings_booking_id_seq
    START WITH 1
    INCREMENT BY 1
    NO MINVALUE
    NO MAXVALUE
    CACHE 1
);


--
-- TOC entry 234 (class 1259 OID 25097)
-- Name: django_admin_log; Type: TABLE; Schema: public; Owner: postgres
--

CREATE TABLE public.django_admin_log (
    id integer NOT NULL,
    action_time timestamp with time zone NOT NULL,
    object_id text,
    object_repr character varying(200) NOT NULL,
    action_flag smallint NOT NULL,
    change_message text NOT NULL,
    content_type_id integer,
    user_id bigint NOT NULL,
    CONSTRAINT django_admin_log_action_flag_check CHECK ((action_flag >= 0))
);


ALTER TABLE public.django_admin_log OWNER TO postgres;

--
-- TOC entry 233 (class 1259 OID 25096)
-- Name: django_admin_log_id_seq; Type: SEQUENCE; Schema: public; Owner: postgres
--

ALTER TABLE public.django_admin_log ALTER COLUMN id ADD GENERATED BY DEFAULT AS IDENTITY (
    SEQUENCE NAME public.django_admin_log_id_seq
    START WITH 1
    INCREMENT BY 1
    NO MINVALUE
    NO MAXVALUE
    CACHE 1
);


--
-- TOC entry 220 (class 1259 OID 24992)
-- Name: django_content_type; Type: TABLE; Schema: public; Owner: postgres
--

CREATE TABLE public.django_content_type (
    id integer NOT NULL,
    app_label character varying(100) NOT NULL,
    model character varying(100) NOT NULL
);


ALTER TABLE public.django_content_type OWNER TO postgres;

--
-- TOC entry 219 (class 1259 OID 24991)
-- Name: django_content_type_id_seq; Type: SEQUENCE; Schema: public; Owner: postgres
--

ALTER TABLE public.django_content_type ALTER COLUMN id ADD GENERATED BY DEFAULT AS IDENTITY (
    SEQUENCE NAME public.django_content_type_id_seq
    START WITH 1
    INCREMENT BY 1
    NO MINVALUE
    NO MAXVALUE
    CACHE 1
);


--
-- TOC entry 218 (class 1259 OID 24984)
-- Name: django_migrations; Type: TABLE; Schema: public; Owner: postgres
--

CREATE TABLE public.django_migrations (
    id bigint NOT NULL,
    app character varying(255) NOT NULL,
    name character varying(255) NOT NULL,
    applied timestamp with time zone NOT NULL
);


ALTER TABLE public.django_migrations OWNER TO postgres;

--
-- TOC entry 217 (class 1259 OID 24983)
-- Name: django_migrations_id_seq; Type: SEQUENCE; Schema: public; Owner: postgres
--

ALTER TABLE public.django_migrations ALTER COLUMN id ADD GENERATED BY DEFAULT AS IDENTITY (
    SEQUENCE NAME public.django_migrations_id_seq
    START WITH 1
    INCREMENT BY 1
    NO MINVALUE
    NO MAXVALUE
    CACHE 1
);


--
-- TOC entry 241 (class 1259 OID 25151)
-- Name: django_session; Type: TABLE; Schema: public; Owner: postgres
--

CREATE TABLE public.django_session (
    session_key character varying(40) NOT NULL,
    session_data text NOT NULL,
    expire_date timestamp with time zone NOT NULL
);


ALTER TABLE public.django_session OWNER TO postgres;

--
-- TOC entry 243 (class 1259 OID 25161)
-- Name: glamp_messaging_message; Type: TABLE; Schema: public; Owner: postgres
--

CREATE TABLE public.glamp_messaging_message (
    id bigint NOT NULL,
    subject character varying(255) NOT NULL,
    body text NOT NULL,
    sent_at timestamp with time zone NOT NULL,
    read boolean NOT NULL,
    recipient_id bigint NOT NULL,
    sender_id bigint NOT NULL,
    archived boolean NOT NULL
);


ALTER TABLE public.glamp_messaging_message OWNER TO postgres;

--
-- TOC entry 242 (class 1259 OID 25160)
-- Name: glamp_messaging_message_id_seq; Type: SEQUENCE; Schema: public; Owner: postgres
--

ALTER TABLE public.glamp_messaging_message ALTER COLUMN id ADD GENERATED BY DEFAULT AS IDENTITY (
    SEQUENCE NAME public.glamp_messaging_message_id_seq
    START WITH 1
    INCREMENT BY 1
    NO MINVALUE
    NO MAXVALUE
    CACHE 1
);


--
-- TOC entry 245 (class 1259 OID 25190)
-- Name: glamp_projects_glampproject; Type: TABLE; Schema: public; Owner: postgres
--

CREATE TABLE public.glamp_projects_glampproject (
    id bigint NOT NULL,
    name character varying(255) NOT NULL,
    description text NOT NULL,
    start_date date,
    end_date date,
    status character varying(20) NOT NULL,
    created_at timestamp with time zone NOT NULL,
    updated_at timestamp with time zone NOT NULL
);


ALTER TABLE public.glamp_projects_glampproject OWNER TO postgres;

--
-- TOC entry 244 (class 1259 OID 25189)
-- Name: glamp_projects_glampproject_id_seq; Type: SEQUENCE; Schema: public; Owner: postgres
--

ALTER TABLE public.glamp_projects_glampproject ALTER COLUMN id ADD GENERATED BY DEFAULT AS IDENTITY (
    SEQUENCE NAME public.glamp_projects_glampproject_id_seq
    START WITH 1
    INCREMENT BY 1
    NO MINVALUE
    NO MAXVALUE
    CACHE 1
);


--
-- TOC entry 247 (class 1259 OID 25198)
-- Name: glamp_projects_glampproject_stakeholders; Type: TABLE; Schema: public; Owner: postgres
--

CREATE TABLE public.glamp_projects_glampproject_stakeholders (
    id bigint NOT NULL,
    glampproject_id bigint NOT NULL,
    customuser_id bigint NOT NULL
);


ALTER TABLE public.glamp_projects_glampproject_stakeholders OWNER TO postgres;

--
-- TOC entry 246 (class 1259 OID 25197)
-- Name: glamp_projects_glampproject_stakeholders_id_seq; Type: SEQUENCE; Schema: public; Owner: postgres
--

ALTER TABLE public.glamp_projects_glampproject_stakeholders ALTER COLUMN id ADD GENERATED BY DEFAULT AS IDENTITY (
    SEQUENCE NAME public.glamp_projects_glampproject_stakeholders_id_seq
    START WITH 1
    INCREMENT BY 1
    NO MINVALUE
    NO MAXVALUE
    CACHE 1
);


--
-- TOC entry 240 (class 1259 OID 25144)
-- Name: projects_project; Type: TABLE; Schema: public; Owner: postgres
--

CREATE TABLE public.projects_project (
    id bigint NOT NULL,
    title character varying(200) NOT NULL,
    description text NOT NULL,
    start_date date NOT NULL,
    end_date date
);


ALTER TABLE public.projects_project OWNER TO postgres;

--
-- TOC entry 239 (class 1259 OID 25143)
-- Name: projects_project_id_seq; Type: SEQUENCE; Schema: public; Owner: postgres
--

ALTER TABLE public.projects_project ALTER COLUMN id ADD GENERATED BY DEFAULT AS IDENTITY (
    SEQUENCE NAME public.projects_project_id_seq
    START WITH 1
    INCREMENT BY 1
    NO MINVALUE
    NO MAXVALUE
    CACHE 1
);


--
-- TOC entry 228 (class 1259 OID 25046)
-- Name: users_customuser; Type: TABLE; Schema: public; Owner: postgres
--

CREATE TABLE public.users_customuser (
    id bigint NOT NULL,
    password character varying(128) NOT NULL,
    last_login timestamp with time zone,
    is_superuser boolean NOT NULL,
    email character varying(254) NOT NULL,
    full_name character varying(255) NOT NULL,
    is_active boolean NOT NULL,
    is_staff boolean NOT NULL,
    date_joined timestamp with time zone NOT NULL,
    phone character varying(30) NOT NULL,
    address_line1 character varying(255) NOT NULL,
    address_line2 character varying(255) NOT NULL,
    city character varying(128) NOT NULL,
    county character varying(128) NOT NULL,
    postcode character varying(20) NOT NULL,
    country character varying(64) NOT NULL
);


ALTER TABLE public.users_customuser OWNER TO postgres;

--
-- TOC entry 230 (class 1259 OID 25056)
-- Name: users_customuser_groups; Type: TABLE; Schema: public; Owner: postgres
--

CREATE TABLE public.users_customuser_groups (
    id bigint NOT NULL,
    customuser_id bigint NOT NULL,
    group_id integer NOT NULL
);


ALTER TABLE public.users_customuser_groups OWNER TO postgres;

--
-- TOC entry 229 (class 1259 OID 25055)
-- Name: users_customuser_groups_id_seq; Type: SEQUENCE; Schema: public; Owner: postgres
--

ALTER TABLE public.users_customuser_groups ALTER COLUMN id ADD GENERATED BY DEFAULT AS IDENTITY (
    SEQUENCE NAME public.users_customuser_groups_id_seq
    START WITH 1
    INCREMENT BY 1
    NO MINVALUE
    NO MAXVALUE
    CACHE 1
);


--
-- TOC entry 227 (class 1259 OID 25045)
-- Name: users_customuser_id_seq; Type: SEQUENCE; Schema: public; Owner: postgres
--

ALTER TABLE public.users_customuser ALTER COLUMN id ADD GENERATED BY DEFAULT AS IDENTITY (
    SEQUENCE NAME public.users_customuser_id_seq
    START WITH 1
    INCREMENT BY 1
    NO MINVALUE
    NO MAXVALUE
    CACHE 1
);


--
-- TOC entry 232 (class 1259 OID 25062)
-- Name: users_customuser_user_permissions; Type: TABLE; Schema: public; Owner: postgres
--

CREATE TABLE public.users_customuser_user_permissions (
    id bigint NOT NULL,
    customuser_id bigint NOT NULL,
    permission_id integer NOT NULL
);


ALTER TABLE public.users_customuser_user_permissions OWNER TO postgres;

--
-- TOC entry 231 (class 1259 OID 25061)
-- Name: users_customuser_user_permissions_id_seq; Type: SEQUENCE; Schema: public; Owner: postgres
--

ALTER TABLE public.users_customuser_user_permissions ALTER COLUMN id ADD GENERATED BY DEFAULT AS IDENTITY (
    SEQUENCE NAME public.users_customuser_user_permissions_id_seq
    START WITH 1
    INCREMENT BY 1
    NO MINVALUE
    NO MAXVALUE
    CACHE 1
);


--
-- TOC entry 4952 (class 0 OID 25006)
-- Dependencies: 224
-- Data for Name: auth_group; Type: TABLE DATA; Schema: public; Owner: postgres
--

COPY public.auth_group (id, name) FROM stdin;
\.


--
-- TOC entry 4954 (class 0 OID 25014)
-- Dependencies: 226
-- Data for Name: auth_group_permissions; Type: TABLE DATA; Schema: public; Owner: postgres
--

COPY public.auth_group_permissions (id, group_id, permission_id) FROM stdin;
\.


--
-- TOC entry 4950 (class 0 OID 25000)
-- Dependencies: 222
-- Data for Name: auth_permission; Type: TABLE DATA; Schema: public; Owner: postgres
--

COPY public.auth_permission (id, name, content_type_id, codename) FROM stdin;
1	Can add log entry	1	add_logentry
2	Can change log entry	1	change_logentry
3	Can delete log entry	1	delete_logentry
4	Can view log entry	1	view_logentry
5	Can add permission	2	add_permission
6	Can change permission	2	change_permission
7	Can delete permission	2	delete_permission
8	Can view permission	2	view_permission
9	Can add group	3	add_group
10	Can change group	3	change_group
11	Can delete group	3	delete_group
12	Can view group	3	view_group
13	Can add content type	4	add_contenttype
14	Can change content type	4	change_contenttype
15	Can delete content type	4	delete_contenttype
16	Can view content type	4	view_contenttype
17	Can add session	5	add_session
18	Can change session	5	change_session
19	Can delete session	5	delete_session
20	Can view session	5	view_session
21	Can add custom user	6	add_customuser
22	Can change custom user	6	change_customuser
23	Can delete custom user	6	delete_customuser
24	Can view custom user	6	view_customuser
25	Can add accommodation	7	add_accommodation
26	Can change accommodation	7	change_accommodation
27	Can delete accommodation	7	delete_accommodation
28	Can view accommodation	7	view_accommodation
29	Can add booking	8	add_booking
30	Can change booking	8	change_booking
31	Can delete booking	8	delete_booking
32	Can view booking	8	view_booking
33	Can add project	9	add_project
34	Can change project	9	change_project
35	Can delete project	9	delete_project
36	Can view project	9	view_project
37	Can add message	10	add_message
38	Can change message	10	change_message
39	Can delete message	10	delete_message
40	Can view message	10	view_message
41	Can add glamp project	11	add_glampproject
42	Can change glamp project	11	change_glampproject
43	Can delete glamp project	11	delete_glampproject
44	Can view glamp project	11	view_glampproject
\.


--
-- TOC entry 4964 (class 0 OID 25118)
-- Dependencies: 236
-- Data for Name: bookings_accommodation; Type: TABLE DATA; Schema: public; Owner: postgres
--

COPY public.bookings_accommodation (id, name, description, price_per_night, image_landscape, image_portrait) FROM stdin;
2	Yurt	Test	100.00	accommodations/gallery6.jpg	
1	Cabin	Beautiful cabin with all the comforts you need while still being connected with nature	130.00	accommodations/cabin.jpg	
3	Tree House	A tree house test	160.00	accommodations/treehouse_Yye14JR.jpg	
\.


--
-- TOC entry 4966 (class 0 OID 25126)
-- Dependencies: 238
-- Data for Name: bookings_booking; Type: TABLE DATA; Schema: public; Owner: postgres
--

COPY public.bookings_booking (id, check_in, check_out, created_at, accommodation_id, user_id) FROM stdin;
\.


--
-- TOC entry 4962 (class 0 OID 25097)
-- Dependencies: 234
-- Data for Name: django_admin_log; Type: TABLE DATA; Schema: public; Owner: postgres
--

COPY public.django_admin_log (id, action_time, object_id, object_repr, action_flag, change_message, content_type_id, user_id) FROM stdin;
1	2025-08-05 11:32:15.473339+01	1	Cabin	1	[{"added": {}}]	7	1
2	2025-08-05 12:12:50.922052+01	2	Yurt	1	[{"added": {}}]	7	1
3	2025-08-05 15:08:15.141469+01	1	Cabin	2	[{"changed": {"fields": ["Description", "Image landscape", "Image portrait"]}}]	7	1
4	2025-08-05 15:14:03.74794+01	3	Tree House	1	[{"added": {}}]	7	1
5	2025-08-08 14:41:28.441626+01	3	Tree House	2	[{"changed": {"fields": ["Image landscape"]}}]	7	1
6	2025-08-08 14:42:37.198771+01	3	Tree House	2	[{"changed": {"fields": ["Image landscape"]}}]	7	1
7	2025-08-08 15:57:51.9761+01	3	Tree House	2	[]	7	1
8	2025-08-08 16:21:15.093141+01	3	Tree House	2	[{"changed": {"fields": ["Description"]}}]	7	1
\.


--
-- TOC entry 4948 (class 0 OID 24992)
-- Dependencies: 220
-- Data for Name: django_content_type; Type: TABLE DATA; Schema: public; Owner: postgres
--

COPY public.django_content_type (id, app_label, model) FROM stdin;
1	admin	logentry
2	auth	permission
3	auth	group
4	contenttypes	contenttype
5	sessions	session
6	users	customuser
7	bookings	accommodation
8	bookings	booking
9	projects	project
10	glamp_messaging	message
11	glamp_projects	glampproject
\.


--
-- TOC entry 4946 (class 0 OID 24984)
-- Dependencies: 218
-- Data for Name: django_migrations; Type: TABLE DATA; Schema: public; Owner: postgres
--

COPY public.django_migrations (id, app, name, applied) FROM stdin;
1	contenttypes	0001_initial	2025-08-05 11:06:49.496861+01
2	contenttypes	0002_remove_content_type_name	2025-08-05 11:06:49.519807+01
3	auth	0001_initial	2025-08-05 11:06:49.607642+01
4	auth	0002_alter_permission_name_max_length	2025-08-05 11:06:49.61446+01
5	auth	0003_alter_user_email_max_length	2025-08-05 11:06:49.618378+01
6	auth	0004_alter_user_username_opts	2025-08-05 11:06:49.621945+01
7	auth	0005_alter_user_last_login_null	2025-08-05 11:06:49.626426+01
8	auth	0006_require_contenttypes_0002	2025-08-05 11:06:49.6275+01
9	auth	0007_alter_validators_add_error_messages	2025-08-05 11:06:49.632084+01
10	auth	0008_alter_user_username_max_length	2025-08-05 11:06:49.63863+01
11	auth	0009_alter_user_last_name_max_length	2025-08-05 11:06:49.6447+01
12	auth	0010_alter_group_name_max_length	2025-08-05 11:06:49.650833+01
13	auth	0011_update_proxy_permissions	2025-08-05 11:06:49.65652+01
14	auth	0012_alter_user_first_name_max_length	2025-08-05 11:06:49.661119+01
15	users	0001_initial	2025-08-05 11:06:49.737561+01
16	admin	0001_initial	2025-08-05 11:06:49.767783+01
17	admin	0002_logentry_remove_auto_add	2025-08-05 11:06:49.787285+01
18	admin	0003_logentry_add_action_flag_choices	2025-08-05 11:06:49.794284+01
19	bookings	0001_initial	2025-08-05 11:06:49.828668+01
20	bookings	0002_initial	2025-08-05 11:06:49.82898+01
21	bookings	0003_accommodation_image_landscape_and_more	2025-08-05 11:06:49.845768+01
22	projects	0001_initial	2025-08-05 11:06:49.845768+01
23	sessions	0001_initial	2025-08-05 11:06:49.882488+01
24	glamp_messaging	0001_initial	2025-08-07 20:37:42.265407+01
25	bookings	0004_alter_accommodation_price_per_night	2025-08-12 17:44:46.195643+01
26	glamp_messaging	0002_message_archived	2025-08-14 16:57:07.979616+01
27	glamp_messaging	0003_alter_message_options	2025-08-14 16:57:07.992543+01
28	users	0002_user_contact_fields	2025-08-14 21:56:54.987415+01
29	glamp_projects	0001_initial	2025-08-15 11:27:42.592674+01
\.


--
-- TOC entry 4969 (class 0 OID 25151)
-- Dependencies: 241
-- Data for Name: django_session; Type: TABLE DATA; Schema: public; Owner: postgres
--

COPY public.django_session (session_key, session_data, expire_date) FROM stdin;
y0mu54y1vgvlojd0j16hl4ordspq6imx	.eJxVjEsOAiEQBe_C2hB-2uDSvWcgDXTLqIFkmFkZ766TzEK3r6reS0RclxrXQXOcijgLIw6_W8L8oLaBcsd26zL3tsxTkpsidzrktRd6Xnb376DiqN8alDIheVZGJ2eccgWdRwCbAU5Mga22FtgTsmNQHBxwLvqoAvmgPYn3B8MlN10:1un0MP:4uh2G8_voEJi9jGBWzaf2kljeoJxp5ZOWpY2bZg0rlw	2025-08-29 20:45:09.400791+01
\.


--
-- TOC entry 4971 (class 0 OID 25161)
-- Dependencies: 243
-- Data for Name: glamp_messaging_message; Type: TABLE DATA; Schema: public; Owner: postgres
--

COPY public.glamp_messaging_message (id, subject, body, sent_at, read, recipient_id, sender_id, archived) FROM stdin;
2	rtshrtseh	restbtrheher	2025-08-08 12:54:44.167216+01	f	1	1	t
8	Re: Testing	Booking confirmed	2025-08-15 17:57:43.050087+01	t	2	1	f
10	Re: Booking request: 2025-12-27 → 2025-12-28 (3 guests) • Cabin	Booking Confirmed	2025-08-15 18:25:16.423219+01	f	2	1	f
12	Booking request: 2025-08-15 → 2025-08-16 (2 guests) • Yurt	From: Mary Daly <lisa.ruttle@gmail.com>\nPhone: —\n\nAccommodation: Yurt\n\nDates: 2025-08-15 → 2025-08-16\nGuests: 2\n\nNotes:\n(none)	2025-08-15 18:39:27.362207+01	t	1	2	f
13	Re: Booking request: 2025-08-15 → 2025-08-16 (2 guests) • Yurt	Cool	2025-08-15 20:14:12.476942+01	t	2	1	f
\.


--
-- TOC entry 4973 (class 0 OID 25190)
-- Dependencies: 245
-- Data for Name: glamp_projects_glampproject; Type: TABLE DATA; Schema: public; Owner: postgres
--

COPY public.glamp_projects_glampproject (id, name, description, start_date, end_date, status, created_at, updated_at) FROM stdin;
1	Solar Generation	On site contractor Solar Generation works	2025-08-27	2025-08-31	PLANNED	2025-08-15 11:29:47.153953+01	2025-08-15 11:29:47.153953+01
2	Maintenance of Lake Cabin	Leak detected in bathroom of the cabin, plumbers fixing	2025-08-14	2025-08-17	IN_PROGRESS	2025-08-15 11:32:03.642676+01	2025-08-15 11:32:03.642676+01
\.


--
-- TOC entry 4975 (class 0 OID 25198)
-- Dependencies: 247
-- Data for Name: glamp_projects_glampproject_stakeholders; Type: TABLE DATA; Schema: public; Owner: postgres
--

COPY public.glamp_projects_glampproject_stakeholders (id, glampproject_id, customuser_id) FROM stdin;
\.


--
-- TOC entry 4968 (class 0 OID 25144)
-- Dependencies: 240
-- Data for Name: projects_project; Type: TABLE DATA; Schema: public; Owner: postgres
--

COPY public.projects_project (id, title, description, start_date, end_date) FROM stdin;
\.


--
-- TOC entry 4956 (class 0 OID 25046)
-- Dependencies: 228
-- Data for Name: users_customuser; Type: TABLE DATA; Schema: public; Owner: postgres
--

COPY public.users_customuser (id, password, last_login, is_superuser, email, full_name, is_active, is_staff, date_joined, phone, address_line1, address_line2, city, county, postcode, country) FROM stdin;
3	pbkdf2_sha256$1000000$eQDrHKTeWwzqe5Db3WRrmq$4/VKhVmW0YCe1GyMpgJRAw6j3xHTriFqkDJgTiW0RQI=	2025-08-15 19:14:53.331432+01	f	BigGreenGuy@gmail.com	Bruce Banner	t	f	2025-08-15 19:14:49.534797+01							
1	pbkdf2_sha256$1000000$S2cVfpJXXQW0mSkAc61Kfz$hrn8KNYEocRswL48M6G4vOi2Qe8ep4rabzvcFsorNs0=	2025-08-15 20:12:05.868707+01	t	alruttle@gmail.com	Alan Ruttle	t	t	2025-08-05 11:08:36.955669+01							
2	pbkdf2_sha256$1000000$gJQxEfze20mKNhtWCe3iQC$Ly7J9wmQ/5MNNhDo2RdP6cQFOW7F7FlLUMHfVHntLoQ=	2025-08-15 20:45:09.398314+01	f	lisa.ruttle@gmail.com	Mary Daly	t	f	2025-08-15 17:14:02.121332+01							
\.


--
-- TOC entry 4958 (class 0 OID 25056)
-- Dependencies: 230
-- Data for Name: users_customuser_groups; Type: TABLE DATA; Schema: public; Owner: postgres
--

COPY public.users_customuser_groups (id, customuser_id, group_id) FROM stdin;
\.


--
-- TOC entry 4960 (class 0 OID 25062)
-- Dependencies: 232
-- Data for Name: users_customuser_user_permissions; Type: TABLE DATA; Schema: public; Owner: postgres
--

COPY public.users_customuser_user_permissions (id, customuser_id, permission_id) FROM stdin;
\.


--
-- TOC entry 4981 (class 0 OID 0)
-- Dependencies: 223
-- Name: auth_group_id_seq; Type: SEQUENCE SET; Schema: public; Owner: postgres
--

SELECT pg_catalog.setval('public.auth_group_id_seq', 1, false);


--
-- TOC entry 4982 (class 0 OID 0)
-- Dependencies: 225
-- Name: auth_group_permissions_id_seq; Type: SEQUENCE SET; Schema: public; Owner: postgres
--

SELECT pg_catalog.setval('public.auth_group_permissions_id_seq', 1, false);


--
-- TOC entry 4983 (class 0 OID 0)
-- Dependencies: 221
-- Name: auth_permission_id_seq; Type: SEQUENCE SET; Schema: public; Owner: postgres
--

SELECT pg_catalog.setval('public.auth_permission_id_seq', 44, true);


--
-- TOC entry 4984 (class 0 OID 0)
-- Dependencies: 235
-- Name: bookings_accommodation_id_seq; Type: SEQUENCE SET; Schema: public; Owner: postgres
--

SELECT pg_catalog.setval('public.bookings_accommodation_id_seq', 3, true);


--
-- TOC entry 4985 (class 0 OID 0)
-- Dependencies: 237
-- Name: bookings_booking_id_seq; Type: SEQUENCE SET; Schema: public; Owner: postgres
--

SELECT pg_catalog.setval('public.bookings_booking_id_seq', 17, true);


--
-- TOC entry 4986 (class 0 OID 0)
-- Dependencies: 233
-- Name: django_admin_log_id_seq; Type: SEQUENCE SET; Schema: public; Owner: postgres
--

SELECT pg_catalog.setval('public.django_admin_log_id_seq', 8, true);


--
-- TOC entry 4987 (class 0 OID 0)
-- Dependencies: 219
-- Name: django_content_type_id_seq; Type: SEQUENCE SET; Schema: public; Owner: postgres
--

SELECT pg_catalog.setval('public.django_content_type_id_seq', 11, true);


--
-- TOC entry 4988 (class 0 OID 0)
-- Dependencies: 217
-- Name: django_migrations_id_seq; Type: SEQUENCE SET; Schema: public; Owner: postgres
--

SELECT pg_catalog.setval('public.django_migrations_id_seq', 29, true);


--
-- TOC entry 4989 (class 0 OID 0)
-- Dependencies: 242
-- Name: glamp_messaging_message_id_seq; Type: SEQUENCE SET; Schema: public; Owner: postgres
--

SELECT pg_catalog.setval('public.glamp_messaging_message_id_seq', 13, true);


--
-- TOC entry 4990 (class 0 OID 0)
-- Dependencies: 244
-- Name: glamp_projects_glampproject_id_seq; Type: SEQUENCE SET; Schema: public; Owner: postgres
--

SELECT pg_catalog.setval('public.glamp_projects_glampproject_id_seq', 2, true);


--
-- TOC entry 4991 (class 0 OID 0)
-- Dependencies: 246
-- Name: glamp_projects_glampproject_stakeholders_id_seq; Type: SEQUENCE SET; Schema: public; Owner: postgres
--

SELECT pg_catalog.setval('public.glamp_projects_glampproject_stakeholders_id_seq', 1, false);


--
-- TOC entry 4992 (class 0 OID 0)
-- Dependencies: 239
-- Name: projects_project_id_seq; Type: SEQUENCE SET; Schema: public; Owner: postgres
--

SELECT pg_catalog.setval('public.projects_project_id_seq', 1, false);


--
-- TOC entry 4993 (class 0 OID 0)
-- Dependencies: 229
-- Name: users_customuser_groups_id_seq; Type: SEQUENCE SET; Schema: public; Owner: postgres
--

SELECT pg_catalog.setval('public.users_customuser_groups_id_seq', 1, false);


--
-- TOC entry 4994 (class 0 OID 0)
-- Dependencies: 227
-- Name: users_customuser_id_seq; Type: SEQUENCE SET; Schema: public; Owner: postgres
--

SELECT pg_catalog.setval('public.users_customuser_id_seq', 3, true);


--
-- TOC entry 4995 (class 0 OID 0)
-- Dependencies: 231
-- Name: users_customuser_user_permissions_id_seq; Type: SEQUENCE SET; Schema: public; Owner: postgres
--

SELECT pg_catalog.setval('public.users_customuser_user_permissions_id_seq', 1, false);


--
-- TOC entry 4729 (class 2606 OID 25043)
-- Name: auth_group auth_group_name_key; Type: CONSTRAINT; Schema: public; Owner: postgres
--

ALTER TABLE ONLY public.auth_group
    ADD CONSTRAINT auth_group_name_key UNIQUE (name);


--
-- TOC entry 4734 (class 2606 OID 25029)
-- Name: auth_group_permissions auth_group_permissions_group_id_permission_id_0cd325b0_uniq; Type: CONSTRAINT; Schema: public; Owner: postgres
--

ALTER TABLE ONLY public.auth_group_permissions
    ADD CONSTRAINT auth_group_permissions_group_id_permission_id_0cd325b0_uniq UNIQUE (group_id, permission_id);


--
-- TOC entry 4737 (class 2606 OID 25018)
-- Name: auth_group_permissions auth_group_permissions_pkey; Type: CONSTRAINT; Schema: public; Owner: postgres
--

ALTER TABLE ONLY public.auth_group_permissions
    ADD CONSTRAINT auth_group_permissions_pkey PRIMARY KEY (id);


--
-- TOC entry 4731 (class 2606 OID 25010)
-- Name: auth_group auth_group_pkey; Type: CONSTRAINT; Schema: public; Owner: postgres
--

ALTER TABLE ONLY public.auth_group
    ADD CONSTRAINT auth_group_pkey PRIMARY KEY (id);


--
-- TOC entry 4724 (class 2606 OID 25020)
-- Name: auth_permission auth_permission_content_type_id_codename_01ab375a_uniq; Type: CONSTRAINT; Schema: public; Owner: postgres
--

ALTER TABLE ONLY public.auth_permission
    ADD CONSTRAINT auth_permission_content_type_id_codename_01ab375a_uniq UNIQUE (content_type_id, codename);


--
-- TOC entry 4726 (class 2606 OID 25004)
-- Name: auth_permission auth_permission_pkey; Type: CONSTRAINT; Schema: public; Owner: postgres
--

ALTER TABLE ONLY public.auth_permission
    ADD CONSTRAINT auth_permission_pkey PRIMARY KEY (id);


--
-- TOC entry 4760 (class 2606 OID 25124)
-- Name: bookings_accommodation bookings_accommodation_pkey; Type: CONSTRAINT; Schema: public; Owner: postgres
--

ALTER TABLE ONLY public.bookings_accommodation
    ADD CONSTRAINT bookings_accommodation_pkey PRIMARY KEY (id);


--
-- TOC entry 4763 (class 2606 OID 25130)
-- Name: bookings_booking bookings_booking_pkey; Type: CONSTRAINT; Schema: public; Owner: postgres
--

ALTER TABLE ONLY public.bookings_booking
    ADD CONSTRAINT bookings_booking_pkey PRIMARY KEY (id);


--
-- TOC entry 4757 (class 2606 OID 25104)
-- Name: django_admin_log django_admin_log_pkey; Type: CONSTRAINT; Schema: public; Owner: postgres
--

ALTER TABLE ONLY public.django_admin_log
    ADD CONSTRAINT django_admin_log_pkey PRIMARY KEY (id);


--
-- TOC entry 4719 (class 2606 OID 24998)
-- Name: django_content_type django_content_type_app_label_model_76bd3d3b_uniq; Type: CONSTRAINT; Schema: public; Owner: postgres
--

ALTER TABLE ONLY public.django_content_type
    ADD CONSTRAINT django_content_type_app_label_model_76bd3d3b_uniq UNIQUE (app_label, model);


--
-- TOC entry 4721 (class 2606 OID 24996)
-- Name: django_content_type django_content_type_pkey; Type: CONSTRAINT; Schema: public; Owner: postgres
--

ALTER TABLE ONLY public.django_content_type
    ADD CONSTRAINT django_content_type_pkey PRIMARY KEY (id);


--
-- TOC entry 4717 (class 2606 OID 24990)
-- Name: django_migrations django_migrations_pkey; Type: CONSTRAINT; Schema: public; Owner: postgres
--

ALTER TABLE ONLY public.django_migrations
    ADD CONSTRAINT django_migrations_pkey PRIMARY KEY (id);


--
-- TOC entry 4769 (class 2606 OID 25157)
-- Name: django_session django_session_pkey; Type: CONSTRAINT; Schema: public; Owner: postgres
--

ALTER TABLE ONLY public.django_session
    ADD CONSTRAINT django_session_pkey PRIMARY KEY (session_key);


--
-- TOC entry 4772 (class 2606 OID 25167)
-- Name: glamp_messaging_message glamp_messaging_message_pkey; Type: CONSTRAINT; Schema: public; Owner: postgres
--

ALTER TABLE ONLY public.glamp_messaging_message
    ADD CONSTRAINT glamp_messaging_message_pkey PRIMARY KEY (id);


--
-- TOC entry 4780 (class 2606 OID 25206)
-- Name: glamp_projects_glampproject_stakeholders glamp_projects_glampproj_glampproject_id_customus_c401ea9d_uniq; Type: CONSTRAINT; Schema: public; Owner: postgres
--

ALTER TABLE ONLY public.glamp_projects_glampproject_stakeholders
    ADD CONSTRAINT glamp_projects_glampproj_glampproject_id_customus_c401ea9d_uniq UNIQUE (glampproject_id, customuser_id);


--
-- TOC entry 4778 (class 2606 OID 25196)
-- Name: glamp_projects_glampproject glamp_projects_glampproject_pkey; Type: CONSTRAINT; Schema: public; Owner: postgres
--

ALTER TABLE ONLY public.glamp_projects_glampproject
    ADD CONSTRAINT glamp_projects_glampproject_pkey PRIMARY KEY (id);


--
-- TOC entry 4784 (class 2606 OID 25202)
-- Name: glamp_projects_glampproject_stakeholders glamp_projects_glampproject_stakeholders_pkey; Type: CONSTRAINT; Schema: public; Owner: postgres
--

ALTER TABLE ONLY public.glamp_projects_glampproject_stakeholders
    ADD CONSTRAINT glamp_projects_glampproject_stakeholders_pkey PRIMARY KEY (id);


--
-- TOC entry 4766 (class 2606 OID 25150)
-- Name: projects_project projects_project_pkey; Type: CONSTRAINT; Schema: public; Owner: postgres
--

ALTER TABLE ONLY public.projects_project
    ADD CONSTRAINT projects_project_pkey PRIMARY KEY (id);


--
-- TOC entry 4740 (class 2606 OID 25054)
-- Name: users_customuser users_customuser_email_key; Type: CONSTRAINT; Schema: public; Owner: postgres
--

ALTER TABLE ONLY public.users_customuser
    ADD CONSTRAINT users_customuser_email_key UNIQUE (email);


--
-- TOC entry 4745 (class 2606 OID 25069)
-- Name: users_customuser_groups users_customuser_groups_customuser_id_group_id_76b619e3_uniq; Type: CONSTRAINT; Schema: public; Owner: postgres
--

ALTER TABLE ONLY public.users_customuser_groups
    ADD CONSTRAINT users_customuser_groups_customuser_id_group_id_76b619e3_uniq UNIQUE (customuser_id, group_id);


--
-- TOC entry 4748 (class 2606 OID 25060)
-- Name: users_customuser_groups users_customuser_groups_pkey; Type: CONSTRAINT; Schema: public; Owner: postgres
--

ALTER TABLE ONLY public.users_customuser_groups
    ADD CONSTRAINT users_customuser_groups_pkey PRIMARY KEY (id);


--
-- TOC entry 4742 (class 2606 OID 25052)
-- Name: users_customuser users_customuser_pkey; Type: CONSTRAINT; Schema: public; Owner: postgres
--

ALTER TABLE ONLY public.users_customuser
    ADD CONSTRAINT users_customuser_pkey PRIMARY KEY (id);


--
-- TOC entry 4750 (class 2606 OID 25083)
-- Name: users_customuser_user_permissions users_customuser_user_pe_customuser_id_permission_7a7debf6_uniq; Type: CONSTRAINT; Schema: public; Owner: postgres
--

ALTER TABLE ONLY public.users_customuser_user_permissions
    ADD CONSTRAINT users_customuser_user_pe_customuser_id_permission_7a7debf6_uniq UNIQUE (customuser_id, permission_id);


--
-- TOC entry 4754 (class 2606 OID 25066)
-- Name: users_customuser_user_permissions users_customuser_user_permissions_pkey; Type: CONSTRAINT; Schema: public; Owner: postgres
--

ALTER TABLE ONLY public.users_customuser_user_permissions
    ADD CONSTRAINT users_customuser_user_permissions_pkey PRIMARY KEY (id);


--
-- TOC entry 4727 (class 1259 OID 25044)
-- Name: auth_group_name_a6ea08ec_like; Type: INDEX; Schema: public; Owner: postgres
--

CREATE INDEX auth_group_name_a6ea08ec_like ON public.auth_group USING btree (name varchar_pattern_ops);


--
-- TOC entry 4732 (class 1259 OID 25040)
-- Name: auth_group_permissions_group_id_b120cbf9; Type: INDEX; Schema: public; Owner: postgres
--

CREATE INDEX auth_group_permissions_group_id_b120cbf9 ON public.auth_group_permissions USING btree (group_id);


--
-- TOC entry 4735 (class 1259 OID 25041)
-- Name: auth_group_permissions_permission_id_84c5c92e; Type: INDEX; Schema: public; Owner: postgres
--

CREATE INDEX auth_group_permissions_permission_id_84c5c92e ON public.auth_group_permissions USING btree (permission_id);


--
-- TOC entry 4722 (class 1259 OID 25026)
-- Name: auth_permission_content_type_id_2f476e4b; Type: INDEX; Schema: public; Owner: postgres
--

CREATE INDEX auth_permission_content_type_id_2f476e4b ON public.auth_permission USING btree (content_type_id);


--
-- TOC entry 4761 (class 1259 OID 25136)
-- Name: bookings_booking_accommodation_id_fb488e31; Type: INDEX; Schema: public; Owner: postgres
--

CREATE INDEX bookings_booking_accommodation_id_fb488e31 ON public.bookings_booking USING btree (accommodation_id);


--
-- TOC entry 4764 (class 1259 OID 25142)
-- Name: bookings_booking_user_id_834dfc23; Type: INDEX; Schema: public; Owner: postgres
--

CREATE INDEX bookings_booking_user_id_834dfc23 ON public.bookings_booking USING btree (user_id);


--
-- TOC entry 4755 (class 1259 OID 25115)
-- Name: django_admin_log_content_type_id_c4bce8eb; Type: INDEX; Schema: public; Owner: postgres
--

CREATE INDEX django_admin_log_content_type_id_c4bce8eb ON public.django_admin_log USING btree (content_type_id);


--
-- TOC entry 4758 (class 1259 OID 25116)
-- Name: django_admin_log_user_id_c564eba6; Type: INDEX; Schema: public; Owner: postgres
--

CREATE INDEX django_admin_log_user_id_c564eba6 ON public.django_admin_log USING btree (user_id);


--
-- TOC entry 4767 (class 1259 OID 25159)
-- Name: django_session_expire_date_a5c62663; Type: INDEX; Schema: public; Owner: postgres
--

CREATE INDEX django_session_expire_date_a5c62663 ON public.django_session USING btree (expire_date);


--
-- TOC entry 4770 (class 1259 OID 25158)
-- Name: django_session_session_key_c0390e0f_like; Type: INDEX; Schema: public; Owner: postgres
--

CREATE INDEX django_session_session_key_c0390e0f_like ON public.django_session USING btree (session_key varchar_pattern_ops);


--
-- TOC entry 4773 (class 1259 OID 25178)
-- Name: glamp_messaging_message_recipient_id_3de243e7; Type: INDEX; Schema: public; Owner: postgres
--

CREATE INDEX glamp_messaging_message_recipient_id_3de243e7 ON public.glamp_messaging_message USING btree (recipient_id);


--
-- TOC entry 4774 (class 1259 OID 25179)
-- Name: glamp_messaging_message_sender_id_d65f8017; Type: INDEX; Schema: public; Owner: postgres
--

CREATE INDEX glamp_messaging_message_sender_id_d65f8017 ON public.glamp_messaging_message USING btree (sender_id);


--
-- TOC entry 4775 (class 1259 OID 25204)
-- Name: glamp_proje_name_7662a1_idx; Type: INDEX; Schema: public; Owner: postgres
--

CREATE INDEX glamp_proje_name_7662a1_idx ON public.glamp_projects_glampproject USING btree (name);


--
-- TOC entry 4776 (class 1259 OID 25203)
-- Name: glamp_proje_status_26e1cf_idx; Type: INDEX; Schema: public; Owner: postgres
--

CREATE INDEX glamp_proje_status_26e1cf_idx ON public.glamp_projects_glampproject USING btree (status);


--
-- TOC entry 4781 (class 1259 OID 25217)
-- Name: glamp_projects_glampprojec_glampproject_id_7e29dca7; Type: INDEX; Schema: public; Owner: postgres
--

CREATE INDEX glamp_projects_glampprojec_glampproject_id_7e29dca7 ON public.glamp_projects_glampproject_stakeholders USING btree (glampproject_id);


--
-- TOC entry 4782 (class 1259 OID 25218)
-- Name: glamp_projects_glampproject_stakeholders_customuser_id_19ff2567; Type: INDEX; Schema: public; Owner: postgres
--

CREATE INDEX glamp_projects_glampproject_stakeholders_customuser_id_19ff2567 ON public.glamp_projects_glampproject_stakeholders USING btree (customuser_id);


--
-- TOC entry 4738 (class 1259 OID 25067)
-- Name: users_customuser_email_6445acef_like; Type: INDEX; Schema: public; Owner: postgres
--

CREATE INDEX users_customuser_email_6445acef_like ON public.users_customuser USING btree (email varchar_pattern_ops);


--
-- TOC entry 4743 (class 1259 OID 25080)
-- Name: users_customuser_groups_customuser_id_958147bf; Type: INDEX; Schema: public; Owner: postgres
--

CREATE INDEX users_customuser_groups_customuser_id_958147bf ON public.users_customuser_groups USING btree (customuser_id);


--
-- TOC entry 4746 (class 1259 OID 25081)
-- Name: users_customuser_groups_group_id_01390b14; Type: INDEX; Schema: public; Owner: postgres
--

CREATE INDEX users_customuser_groups_group_id_01390b14 ON public.users_customuser_groups USING btree (group_id);


--
-- TOC entry 4751 (class 1259 OID 25094)
-- Name: users_customuser_user_permissions_customuser_id_5771478b; Type: INDEX; Schema: public; Owner: postgres
--

CREATE INDEX users_customuser_user_permissions_customuser_id_5771478b ON public.users_customuser_user_permissions USING btree (customuser_id);


--
-- TOC entry 4752 (class 1259 OID 25095)
-- Name: users_customuser_user_permissions_permission_id_baaa2f74; Type: INDEX; Schema: public; Owner: postgres
--

CREATE INDEX users_customuser_user_permissions_permission_id_baaa2f74 ON public.users_customuser_user_permissions USING btree (permission_id);


--
-- TOC entry 4786 (class 2606 OID 25035)
-- Name: auth_group_permissions auth_group_permissio_permission_id_84c5c92e_fk_auth_perm; Type: FK CONSTRAINT; Schema: public; Owner: postgres
--

ALTER TABLE ONLY public.auth_group_permissions
    ADD CONSTRAINT auth_group_permissio_permission_id_84c5c92e_fk_auth_perm FOREIGN KEY (permission_id) REFERENCES public.auth_permission(id) DEFERRABLE INITIALLY DEFERRED;


--
-- TOC entry 4787 (class 2606 OID 25030)
-- Name: auth_group_permissions auth_group_permissions_group_id_b120cbf9_fk_auth_group_id; Type: FK CONSTRAINT; Schema: public; Owner: postgres
--

ALTER TABLE ONLY public.auth_group_permissions
    ADD CONSTRAINT auth_group_permissions_group_id_b120cbf9_fk_auth_group_id FOREIGN KEY (group_id) REFERENCES public.auth_group(id) DEFERRABLE INITIALLY DEFERRED;


--
-- TOC entry 4785 (class 2606 OID 25021)
-- Name: auth_permission auth_permission_content_type_id_2f476e4b_fk_django_co; Type: FK CONSTRAINT; Schema: public; Owner: postgres
--

ALTER TABLE ONLY public.auth_permission
    ADD CONSTRAINT auth_permission_content_type_id_2f476e4b_fk_django_co FOREIGN KEY (content_type_id) REFERENCES public.django_content_type(id) DEFERRABLE INITIALLY DEFERRED;


--
-- TOC entry 4794 (class 2606 OID 25131)
-- Name: bookings_booking bookings_booking_accommodation_id_fb488e31_fk_bookings_; Type: FK CONSTRAINT; Schema: public; Owner: postgres
--

ALTER TABLE ONLY public.bookings_booking
    ADD CONSTRAINT bookings_booking_accommodation_id_fb488e31_fk_bookings_ FOREIGN KEY (accommodation_id) REFERENCES public.bookings_accommodation(id) DEFERRABLE INITIALLY DEFERRED;


--
-- TOC entry 4795 (class 2606 OID 25137)
-- Name: bookings_booking bookings_booking_user_id_834dfc23_fk_users_customuser_id; Type: FK CONSTRAINT; Schema: public; Owner: postgres
--

ALTER TABLE ONLY public.bookings_booking
    ADD CONSTRAINT bookings_booking_user_id_834dfc23_fk_users_customuser_id FOREIGN KEY (user_id) REFERENCES public.users_customuser(id) DEFERRABLE INITIALLY DEFERRED;


--
-- TOC entry 4792 (class 2606 OID 25105)
-- Name: django_admin_log django_admin_log_content_type_id_c4bce8eb_fk_django_co; Type: FK CONSTRAINT; Schema: public; Owner: postgres
--

ALTER TABLE ONLY public.django_admin_log
    ADD CONSTRAINT django_admin_log_content_type_id_c4bce8eb_fk_django_co FOREIGN KEY (content_type_id) REFERENCES public.django_content_type(id) DEFERRABLE INITIALLY DEFERRED;


--
-- TOC entry 4793 (class 2606 OID 25110)
-- Name: django_admin_log django_admin_log_user_id_c564eba6_fk_users_customuser_id; Type: FK CONSTRAINT; Schema: public; Owner: postgres
--

ALTER TABLE ONLY public.django_admin_log
    ADD CONSTRAINT django_admin_log_user_id_c564eba6_fk_users_customuser_id FOREIGN KEY (user_id) REFERENCES public.users_customuser(id) DEFERRABLE INITIALLY DEFERRED;


--
-- TOC entry 4796 (class 2606 OID 25168)
-- Name: glamp_messaging_message glamp_messaging_mess_recipient_id_3de243e7_fk_users_cus; Type: FK CONSTRAINT; Schema: public; Owner: postgres
--

ALTER TABLE ONLY public.glamp_messaging_message
    ADD CONSTRAINT glamp_messaging_mess_recipient_id_3de243e7_fk_users_cus FOREIGN KEY (recipient_id) REFERENCES public.users_customuser(id) DEFERRABLE INITIALLY DEFERRED;


--
-- TOC entry 4797 (class 2606 OID 25173)
-- Name: glamp_messaging_message glamp_messaging_mess_sender_id_d65f8017_fk_users_cus; Type: FK CONSTRAINT; Schema: public; Owner: postgres
--

ALTER TABLE ONLY public.glamp_messaging_message
    ADD CONSTRAINT glamp_messaging_mess_sender_id_d65f8017_fk_users_cus FOREIGN KEY (sender_id) REFERENCES public.users_customuser(id) DEFERRABLE INITIALLY DEFERRED;


--
-- TOC entry 4798 (class 2606 OID 25212)
-- Name: glamp_projects_glampproject_stakeholders glamp_projects_glamp_customuser_id_19ff2567_fk_users_cus; Type: FK CONSTRAINT; Schema: public; Owner: postgres
--

ALTER TABLE ONLY public.glamp_projects_glampproject_stakeholders
    ADD CONSTRAINT glamp_projects_glamp_customuser_id_19ff2567_fk_users_cus FOREIGN KEY (customuser_id) REFERENCES public.users_customuser(id) DEFERRABLE INITIALLY DEFERRED;


--
-- TOC entry 4799 (class 2606 OID 25207)
-- Name: glamp_projects_glampproject_stakeholders glamp_projects_glamp_glampproject_id_7e29dca7_fk_glamp_pro; Type: FK CONSTRAINT; Schema: public; Owner: postgres
--

ALTER TABLE ONLY public.glamp_projects_glampproject_stakeholders
    ADD CONSTRAINT glamp_projects_glamp_glampproject_id_7e29dca7_fk_glamp_pro FOREIGN KEY (glampproject_id) REFERENCES public.glamp_projects_glampproject(id) DEFERRABLE INITIALLY DEFERRED;


--
-- TOC entry 4788 (class 2606 OID 25070)
-- Name: users_customuser_groups users_customuser_gro_customuser_id_958147bf_fk_users_cus; Type: FK CONSTRAINT; Schema: public; Owner: postgres
--

ALTER TABLE ONLY public.users_customuser_groups
    ADD CONSTRAINT users_customuser_gro_customuser_id_958147bf_fk_users_cus FOREIGN KEY (customuser_id) REFERENCES public.users_customuser(id) DEFERRABLE INITIALLY DEFERRED;


--
-- TOC entry 4789 (class 2606 OID 25075)
-- Name: users_customuser_groups users_customuser_groups_group_id_01390b14_fk_auth_group_id; Type: FK CONSTRAINT; Schema: public; Owner: postgres
--

ALTER TABLE ONLY public.users_customuser_groups
    ADD CONSTRAINT users_customuser_groups_group_id_01390b14_fk_auth_group_id FOREIGN KEY (group_id) REFERENCES public.auth_group(id) DEFERRABLE INITIALLY DEFERRED;


--
-- TOC entry 4790 (class 2606 OID 25084)
-- Name: users_customuser_user_permissions users_customuser_use_customuser_id_5771478b_fk_users_cus; Type: FK CONSTRAINT; Schema: public; Owner: postgres
--

ALTER TABLE ONLY public.users_customuser_user_permissions
    ADD CONSTRAINT users_customuser_use_customuser_id_5771478b_fk_users_cus FOREIGN KEY (customuser_id) REFERENCES public.users_customuser(id) DEFERRABLE INITIALLY DEFERRED;


--
-- TOC entry 4791 (class 2606 OID 25089)
-- Name: users_customuser_user_permissions users_customuser_use_permission_id_baaa2f74_fk_auth_perm; Type: FK CONSTRAINT; Schema: public; Owner: postgres
--

ALTER TABLE ONLY public.users_customuser_user_permissions
    ADD CONSTRAINT users_customuser_use_permission_id_baaa2f74_fk_auth_perm FOREIGN KEY (permission_id) REFERENCES public.auth_permission(id) DEFERRABLE INITIALLY DEFERRED;


-- Completed on 2025-08-15 23:38:13

--
-- PostgreSQL database dump complete
--

